City_ID,City,Country,Date,Lat,Lng,Max Temp,Humidity,Cloudiness,Wind Speed
0,Jabinyanah,TN,2021-05-22 21:08:35,35.035,10.9081,71.4,85,2,11.74
1,La Ronge,CA,2021-05-22 21:13:37,55.1001,-105.2842,50.02,37,8,6.31
2,Ushuaia,AR,2021-05-22 21:05:01,-54.8,-68.3,37.06,100,75,0.0
3,Poya,NC,2021-05-22 21:08:36,-21.35,165.15,69.53,76,38,4.54
4,Burns Lake,CA,2021-05-22 21:13:37,54.2331,-125.7533,65.88,40,25,8.84
5,Jamestown,US,2021-05-22 21:05:32,42.097,-79.2353,79.09,71,75,3.0
6,Irece,BR,2021-05-22 21:08:36,-11.3042,-41.8558,80.69,37,71,12.03
7,Poum,NC,2021-05-22 21:08:37,-20.2333,164.0167,73.08,72,46,16.33
8,Aripuana,BR,2021-05-22 21:07:23,-9.1667,-60.6333,83.64,71,100,0.07
9,Hilo,US,2021-05-22 21:08:37,19.7297,-155.09,78.53,75,90,0.0
10,Viedma,AR,2021-05-22 21:08:37,-40.8135,-62.9967,53.85,72,100,6.15
11,Bambous Virieux,MU,2021-05-22 21:13:38,-20.3428,57.7575,69.22,69,96,16.6
12,New Norfolk,AU,2021-05-22 21:13:38,-42.7826,147.0587,51.93,69,100,1.07
13,Saint-Philippe,RE,2021-05-22 21:08:38,-21.3585,55.7679,70.21,67,83,11.52
14,Haines Junction,CA,2021-05-22 21:09:20,60.7522,-137.5108,47.84,51,100,6.35
15,Harrisburg,US,2021-05-22 21:06:00,40.2737,-76.8844,86.52,45,1,4.0
16,Puerto Ayora,EC,2021-05-22 21:13:39,-0.7393,-90.3518,84.16,83,79,8.01
17,Chokurdakh,RU,2021-05-22 21:08:39,70.6333,147.9167,23.05,90,100,4.83
18,Longyearbyen,SJ,2021-05-22 21:08:39,78.2186,15.6401,26.44,59,40,11.5
19,Ulaangom,MN,2021-05-22 21:08:40,49.9811,92.0667,46.02,42,100,1.63
20,Ahipara,NZ,2021-05-22 21:08:40,-35.1667,173.1667,59.02,71,98,16.46
21,Rikitea,PF,2021-05-22 21:08:40,-23.1203,-134.9692,76.42,66,5,11.65
22,Andijon,UZ,2021-05-22 21:08:41,40.7821,72.3442,71.46,47,82,8.08
23,Arraial Do Cabo,BR,2021-05-22 21:13:40,-22.9661,-42.0278,75.06,83,0,6.91
24,Dingle,PH,2021-05-22 21:08:41,10.9995,122.6711,76.33,87,54,2.64
25,Vaini,TO,2021-05-22 21:08:41,-21.2,-175.2,77.16,94,75,2.3
26,Cape Town,ZA,2021-05-22 21:13:41,-33.9258,18.4232,54.12,65,7,4.92
27,Weligama,LK,2021-05-22 21:08:42,5.9667,80.4167,79.93,87,91,10.78
28,Kapaa,US,2021-05-22 21:06:24,22.0752,-159.319,80.92,72,20,3.0
29,Bethel,US,2021-05-22 21:05:58,41.3712,-73.414,86.92,59,1,4.61
30,Alyangula,AU,2021-05-22 21:08:43,-13.8483,136.4192,75.33,77,88,9.08
31,Tuatapere,NZ,2021-05-22 21:08:43,-46.1333,167.6833,42.49,89,10,5.1
32,Egvekinot,RU,2021-05-22 21:08:43,66.3167,-179.1667,28.76,98,98,3.15
33,Bikin,RU,2021-05-22 21:08:44,46.8161,134.26,61.11,65,68,5.21
34,Hobart,AU,2021-05-22 21:06:17,-42.8794,147.3294,52.27,92,20,0.92
35,Noumea,NC,2021-05-22 21:08:44,-22.2763,166.4572,72.0,99,90,4.18
36,Verkhnevilyuysk,RU,2021-05-22 21:08:44,63.4453,120.3167,39.33,55,8,0.98
37,Nanortalik,GL,2021-05-22 21:08:45,60.1432,-45.2371,36.12,75,60,9.1
38,Vestmanna,FO,2021-05-22 21:08:45,62.1564,-7.1664,40.12,78,75,4.27
39,Yar-Sale,RU,2021-05-22 21:08:45,66.8333,70.8333,54.93,76,75,8.61
40,Ponta Do Sol,PT,2021-05-22 21:12:05,32.6667,-17.1,65.12,77,100,12.77
41,Ribeira Grande,PT,2021-05-22 21:13:43,38.5167,-28.7,59.65,63,5,11.56
42,Marzuq,YE,2021-05-22 21:08:46,14.4,46.4667,79.68,35,47,5.57
43,Sola,VU,2021-05-22 21:08:46,-13.8833,167.55,79.81,67,92,13.15
44,Anadyr,RU,2021-05-22 21:08:47,64.75,177.4833,31.44,92,100,2.35
45,Livno,BA,2021-05-22 21:08:47,43.8269,17.0078,57.7,56,91,9.04
46,Huescar,ES,2021-05-22 21:08:47,37.811,-2.5412,69.12,31,86,1.95
47,Punta Arenas,CL,2021-05-22 21:13:44,-53.15,-70.9167,42.91,87,20,3.85
48,Busselton,AU,2021-05-22 21:08:48,-33.65,115.3333,47.05,72,87,7.49
49,Kenora,CA,2021-05-22 21:08:48,49.8167,-94.4337,52.77,100,90,11.5
50,Hermanus,ZA,2021-05-22 21:08:48,-34.4187,19.2345,53.91,62,6,7.16
51,Tuktoyaktuk,CA,2021-05-22 21:08:49,69.4541,-133.0374,37.94,82,20,12.93
52,Georgetown,MY,2021-05-22 21:08:49,5.4112,100.3354,80.89,83,20,3.6
53,San Patricio,US,2021-05-22 21:13:44,28.017,-97.5169,84.92,70,100,12.35
54,Mogadishu,SO,2021-05-22 21:06:35,2.0371,45.3438,78.48,83,4,19.48
55,Kayes,ML,2021-05-22 21:08:50,14.0,-11.0,97.41,13,98,6.53
56,Kodiak,US,2021-05-22 21:08:50,57.79,-152.4072,47.71,76,75,8.05
57,Chuy,UY,2021-05-22 21:08:50,-33.6971,-53.4616,56.01,72,96,16.49
58,Provideniya,RU,2021-05-22 21:08:03,64.3833,-173.3,36.5,78,90,3.98
59,Bluff,NZ,2021-05-22 21:06:36,-46.6,168.3333,45.54,86,23,12.62
60,Bowen,AU,2021-05-22 21:08:51,-20.0167,148.2333,66.6,90,87,10.87
61,Bilibino,RU,2021-05-22 21:08:51,68.0546,166.4372,30.54,89,94,0.81
62,Zgierz,PL,2021-05-22 21:08:52,51.8556,19.4062,50.25,85,0,1.01
63,Mataura,NZ,2021-05-22 21:08:52,-46.1927,168.8643,38.73,93,8,2.55
64,Albany,US,2021-05-22 21:06:43,42.6001,-73.9662,84.63,33,100,1.01
65,Namibe,AO,2021-05-22 21:08:06,-15.1961,12.1522,73.78,76,10,5.44
66,Bathsheba,BB,2021-05-22 21:08:53,13.2167,-59.5167,83.01,77,75,21.43
67,Port Alfred,ZA,2021-05-22 21:13:46,-33.5906,26.891,57.36,68,7,10.94
68,Cherskiy,RU,2021-05-22 21:08:53,68.75,161.3,34.47,70,27,5.75
69,Zachepylivka,UA,2021-05-22 21:08:53,49.1939,35.2394,55.17,87,44,5.35
70,East London,ZA,2021-05-22 21:13:47,-33.0153,27.9116,58.21,66,1,8.9
71,Vardo,NO,2021-05-22 21:08:54,70.3705,31.1107,34.52,61,100,23.22
72,Naze,JP,2021-05-22 21:08:54,28.3667,129.4833,66.63,89,100,11.07
73,Atuona,PF,2021-05-22 21:07:30,-9.8,-139.0333,79.83,72,27,15.7
74,Beringovskiy,RU,2021-05-22 21:08:55,63.05,179.3167,31.42,95,100,2.98
75,Aklavik,CA,2021-05-22 21:08:55,68.2191,-135.0107,54.84,57,99,12.46
76,Qasigiannguit,GL,2021-05-22 21:08:55,68.8193,-51.1922,28.65,88,100,9.73
77,Bredasdorp,ZA,2021-05-22 21:08:56,-34.5322,20.0403,49.28,78,26,3.27
78,Bonthe,SL,2021-05-22 21:08:56,7.5264,-12.505,81.0,82,72,7.43
79,Berlevag,NO,2021-05-22 21:08:56,70.8578,29.0864,34.21,60,100,21.0
80,Cabo San Lucas,MX,2021-05-22 21:13:48,22.8909,-109.9124,95.81,39,1,10.36
81,Asekeyevo,RU,2021-05-22 21:08:57,53.5742,52.7972,68.72,61,89,1.54
82,Kaniv,UA,2021-05-22 21:08:57,49.7518,31.46,53.74,76,17,7.56
83,Mar Del Plata,AR,2021-05-22 21:13:49,-38.0023,-57.5575,58.08,47,100,21.99
84,Coihaique,CL,2021-05-22 21:06:16,-45.5752,-72.0662,49.95,66,75,0.0
85,Saskylakh,RU,2021-05-22 21:08:57,71.9167,114.0833,23.47,96,85,6.82
86,Lahore,PK,2021-05-22 21:06:46,31.5497,74.3436,80.58,47,75,5.75
87,San Carlos De Bariloche,AR,2021-05-22 21:13:50,-41.1456,-71.3082,47.95,73,20,6.82
88,Binabalian,PH,2021-05-22 21:08:58,16.4202,119.9279,82.53,78,27,4.83
89,Ust-Kut,RU,2021-05-22 21:08:58,56.7938,105.7672,34.09,93,70,2.57
90,Bengkulu,ID,2021-05-22 21:08:59,-3.8004,102.2655,75.87,80,95,3.58
91,Gigmoto,PH,2021-05-22 21:08:59,13.7796,124.39,79.5,80,7,1.52
92,Yellowknife,CA,2021-05-22 21:08:59,62.456,-114.3525,59.29,49,100,10.0
93,Dikson,RU,2021-05-22 21:08:59,73.5069,80.5464,33.6,98,100,14.43
94,Chalinze,TZ,2021-05-22 21:09:00,-6.6378,38.354,66.81,94,5,3.89
95,Barrow,US,2021-05-22 21:04:15,71.2906,-156.7887,33.82,86,90,10.36
96,Mackay,AU,2021-05-22 21:09:00,-21.15,149.2,68.68,86,86,14.18
97,Kirakira,SB,2021-05-22 21:09:01,-10.4544,161.9205,80.02,86,100,9.37
98,Nikolskoye,RU,2021-05-22 21:09:01,59.7035,30.7861,49.39,97,13,4.5
99,Carutapera,BR,2021-05-22 21:09:01,-1.195,-46.02,79.75,86,65,7.81
100,Leningradskiy,RU,2021-05-22 21:09:02,69.3833,178.4167,32.2,92,100,11.05
101,Khatanga,RU,2021-05-22 21:09:00,71.9667,102.5,23.95,96,100,3.11
102,Keti Bandar,PK,2021-05-22 21:13:51,24.1447,67.4497,84.6,73,59,16.75
103,Lasa,IT,2021-05-22 21:09:02,46.6166,10.7002,49.91,98,100,2.95
104,Nome,US,2021-05-22 21:09:03,64.5011,-165.4064,34.16,86,90,5.75
105,Yerbogachen,RU,2021-05-22 21:09:03,61.2767,108.0108,38.88,61,88,1.52
106,San Rafael,AR,2021-05-22 21:10:44,-34.6177,-68.3301,56.03,33,9,5.5
107,Batagay,RU,2021-05-22 21:09:04,67.6333,134.6333,34.07,55,7,6.17
108,Port Keats,AU,2021-05-22 21:13:52,-14.25,129.55,70.23,61,47,6.87
109,San Cristobal,VE,2021-05-22 21:13:52,7.7669,-72.225,78.98,61,91,4.88
110,Broome,US,2021-05-22 21:09:05,42.2506,-75.833,80.98,73,1,9.69
111,Fort Saint James,CA,2021-05-22 21:13:53,54.4333,-124.25,65.25,40,79,6.11
112,Zhanaozen,KZ,2021-05-22 21:09:06,43.3,52.8,82.99,16,0,19.82
113,Kurayoshi,JP,2021-05-22 21:09:06,35.4333,133.8167,60.62,79,0,4.63
114,Sungairaya,ID,2021-05-22 21:09:06,0.7,108.9,79.72,83,100,3.24
115,Vagur,FO,2021-05-22 21:09:07,61.4732,-6.8119,43.3,72,82,4.88
116,Athabasca,CA,2021-05-22 21:06:58,54.7169,-113.2854,59.13,42,7,13.11
117,Alihe,CN,2021-05-22 21:05:16,50.5667,123.7167,47.43,95,100,2.3
118,Upernavik,GL,2021-05-22 21:09:07,72.7868,-56.1549,30.24,84,100,8.86
119,Sosnovo-Ozerskoye,RU,2021-05-22 21:09:08,52.5249,111.5418,36.03,73,100,11.77
120,Qaanaaq,GL,2021-05-22 21:09:08,77.484,-69.3632,28.83,72,100,2.44
121,Hambantota,LK,2021-05-22 21:09:08,6.1241,81.1185,79.14,82,40,16.06
122,Bubaque,GW,2021-05-22 21:09:09,11.2833,-15.8333,78.06,78,59,15.17
123,Ancud,CL,2021-05-22 21:09:09,-41.8697,-73.8203,54.43,83,90,7.11
124,Tiznit,MA,2021-05-22 21:09:09,29.5833,-9.5,79.02,36,100,2.91
125,Laguna,US,2021-05-22 21:09:10,38.421,-121.4238,79.61,30,1,3.0
126,Panguipulli,CL,2021-05-22 21:09:10,-39.6333,-72.3333,47.91,86,76,1.54
127,Gualeguay,AR,2021-05-22 21:09:10,-33.1416,-59.3097,51.75,93,100,22.1
128,Stuttgart,DE,2021-05-22 21:09:10,48.7823,9.177,54.05,80,0,4.21
129,Kyshtovka,RU,2021-05-22 21:09:11,56.555,76.6271,60.8,69,36,7.72
130,Vao,NC,2021-05-22 21:09:11,-22.6667,167.4833,71.73,62,82,10.76
131,Castro,BR,2021-05-22 21:09:11,-24.7911,-50.0119,62.2,95,66,6.6
132,Valparaiso,CL,2021-05-22 21:09:12,-33.0393,-71.6273,67.64,58,0,16.11
133,Gizo,SB,2021-05-22 21:09:12,-8.103,156.8419,82.74,79,97,11.54
134,Shahrud,IR,2021-05-22 21:09:12,36.4182,54.9763,74.73,25,46,0.38
135,Luderitz,NA,2021-05-22 21:08:38,-26.6481,15.1594,67.91,40,10,3.67
136,Encheng,CN,2021-05-22 21:09:13,22.1839,112.3026,78.17,95,58,0.56
137,Mount Gambier,AU,2021-05-22 21:13:35,-37.8333,140.7667,49.98,52,100,7.65
138,Lucapa,AO,2021-05-22 21:09:13,-8.4192,20.7447,67.28,53,72,2.91
139,Avarua,CK,2021-05-22 21:09:14,-21.2078,-159.775,78.85,69,20,14.97
140,Asau,RO,2021-05-22 21:09:14,46.4333,26.4,61.75,69,100,5.01
141,Ciudad Bolivar,VE,2021-05-22 21:09:14,8.1222,-63.5497,88.95,50,100,9.66
142,Spermezeu,RO,2021-05-22 21:09:15,47.3,24.15,56.77,87,100,2.8
143,Ruhengeri,RW,2021-05-22 21:09:15,-1.4998,29.635,57.22,99,99,2.28
144,Williston,US,2021-05-22 21:06:01,48.147,-103.618,50.04,72,95,1.01
145,Airai,TL,2021-05-22 21:09:15,-8.9266,125.4092,55.8,77,32,2.28
146,Butaritari,KI,2021-05-22 21:09:16,3.0707,172.7902,83.01,83,100,19.17
147,Bilma,NE,2021-05-22 21:09:16,18.6853,12.9164,90.64,10,0,6.4
148,Alice Springs,AU,2021-05-22 21:13:57,-23.7,133.8833,44.15,50,23,6.26
149,Saldanha,ZA,2021-05-22 21:09:17,-33.0117,17.9442,56.61,56,8,9.31
150,Rio Grande,BR,2021-05-22 21:13:57,-32.035,-52.0986,59.95,67,5,17.27
151,Stornoway,GB,2021-05-22 21:09:17,58.2093,-6.3865,47.93,70,75,2.3
152,Flinders,AU,2021-05-22 21:09:18,-34.5833,150.8552,55.2,92,0,1.01
153,Hot Springs,US,2021-05-22 21:10:35,34.5037,-93.0552,84.87,57,20,1.99
154,Grand Gaube,MU,2021-05-22 21:09:18,-20.0064,57.6608,69.39,76,39,4.0
155,Camaqua,BR,2021-05-22 21:09:18,-30.8511,-51.8122,57.58,70,0,12.64
156,Terrace,CA,2021-05-22 21:09:19,54.5163,-128.6035,57.42,77,99,2.06
157,Ambilobe,MG,2021-05-22 21:09:19,-13.2,49.05,67.73,85,32,2.95
158,Severodvinsk,RU,2021-05-22 21:09:19,64.5635,39.8302,46.51,84,100,14.94
159,Pokhara,NP,2021-05-22 21:09:20,28.2333,83.9833,70.54,60,0,5.39
160,Mackenzie,CA,2021-05-22 21:09:20,55.2999,-123.1698,67.08,38,72,9.06
161,Padang,ID,2021-05-22 21:09:20,-0.9492,100.3543,76.8,87,76,3.89
162,Lompoc,US,2021-05-22 21:06:26,34.6391,-120.4579,73.02,63,1,18.41
163,Victoria,HK,2021-05-22 21:09:17,22.2855,114.1577,85.32,86,99,5.99
164,Kavaratti,IN,2021-05-22 21:09:21,10.5669,72.642,82.74,74,97,11.25
165,Taoudenni,ML,2021-05-22 21:07:47,22.6783,-3.9836,94.8,21,76,7.92
166,College,US,2021-05-22 21:09:12,64.8569,-147.8028,49.95,67,75,1.99
167,Bantry,IE,2021-05-22 21:09:21,51.6833,-9.45,45.88,73,97,8.97
168,Waingapu,ID,2021-05-22 21:09:22,-9.6567,120.2641,74.05,86,19,5.46
169,Hithadhoo,MV,2021-05-22 21:09:22,-0.6,73.0833,83.75,73,40,11.14
170,Snyder,US,2021-05-22 21:09:22,32.7179,-100.9176,85.51,61,40,14.97
171,Vanimo,PG,2021-05-22 21:09:23,-2.6741,141.3028,77.94,86,95,3.94
172,Talnakh,RU,2021-05-22 21:09:23,69.4865,88.3972,34.75,93,95,10.6
173,Pisco,PE,2021-05-22 21:09:23,-13.7,-76.2167,65.01,88,90,5.75
174,Fairbanks,US,2021-05-22 21:09:12,64.8378,-147.7164,49.96,70,90,16.11
175,Margate,GB,2021-05-22 21:07:56,51.3813,1.3862,50.7,81,100,1.01
176,Nhulunbuy,AU,2021-05-22 21:09:24,-12.2333,136.7667,75.81,83,100,5.75
177,Saint George,US,2021-05-22 21:14:01,37.1041,-113.5841,68.63,16,1,1.99
178,Ilulissat,GL,2021-05-22 21:07:58,69.2167,-51.1,28.42,93,90,5.75
179,Sungaipenuh,ID,2021-05-22 21:09:24,-2.0833,101.3833,64.71,93,100,1.36
180,Lebu,CL,2021-05-22 21:08:18,-37.6167,-73.65,54.18,82,15,8.63
181,Torbay,CA,2021-05-22 21:09:25,47.6666,-52.7314,58.87,75,100,18.88
182,Makaryev,RU,2021-05-22 21:09:25,57.8797,43.8069,49.91,79,25,6.69
183,Florencia,IT,2021-05-22 21:08:34,43.7667,11.25,66.09,80,40,4.61
184,Necochea,AR,2021-05-22 21:09:25,-38.5473,-58.7368,56.03,82,100,24.11
185,Port Elizabeth,ZA,2021-05-22 21:14:02,-33.918,25.5701,54.66,70,3,9.55
186,Sitka,US,2021-05-22 21:08:09,57.0531,-135.33,48.09,81,90,10.36
187,Boden,SE,2021-05-22 21:09:26,65.8252,21.6886,35.6,89,99,9.28
188,Singaraja,ID,2021-05-22 21:09:26,-8.112,115.0882,77.94,79,10,3.47
189,Kedrovyy,RU,2021-05-22 21:09:26,56.1667,91.8167,45.01,97,100,3.13
190,Macamic,CA,2021-05-22 21:09:27,48.7502,-78.9996,70.65,70,100,8.52
191,Namatanai,PG,2021-05-22 21:09:27,-3.6667,152.4333,80.46,82,99,2.55
192,Kaitangata,NZ,2021-05-22 21:07:38,-46.2817,169.8464,45.93,81,1,5.12
193,Les Cayes,HT,2021-05-22 21:10:20,18.2,-73.75,82.67,68,77,10.71
194,Acapulco,MX,2021-05-22 21:05:35,16.8634,-99.8901,89.42,49,1,12.39
195,Norman Wells,CA,2021-05-22 21:14:03,65.282,-126.8329,55.81,65,100,9.19
196,Paka,MY,2021-05-22 21:08:07,4.6374,103.4368,78.35,87,100,3.31
197,Faya,SA,2021-05-22 21:09:28,18.3851,42.4509,66.72,55,1,3.94
198,Shimoda,JP,2021-05-22 21:08:31,34.6667,138.95,67.1,81,12,7.54
199,Lagoa,PT,2021-05-22 21:08:28,39.05,-27.9833,58.82,64,39,11.3
200,Okhotsk,RU,2021-05-22 21:09:29,59.3833,143.3,34.02,99,100,2.84
201,Tasiilaq,GL,2021-05-22 21:08:44,65.6145,-37.6368,30.36,78,100,0.63
202,Tabas,IR,2021-05-22 21:09:29,33.5959,56.9244,83.95,13,41,2.84
203,Kutahya,TR,2021-05-22 21:09:29,39.4242,29.9833,46.29,89,54,2.3
204,Labranzagrande,CO,2021-05-22 21:09:30,5.5622,-72.575,73.2,88,97,2.33
205,Malpura,IN,2021-05-22 21:06:07,26.2833,75.3833,88.93,31,61,9.31
206,Tezu,IN,2021-05-22 21:09:30,27.9167,96.1667,73.94,79,30,4.12
207,Arlit,NE,2021-05-22 21:09:30,18.7369,7.3853,93.61,8,1,13.85
208,Hamilton,US,2021-05-22 21:09:31,39.1834,-84.5333,85.98,49,20,1.01
209,Klaksvik,FO,2021-05-22 21:07:27,62.2266,-6.589,41.92,76,19,7.78
210,San Quintin,MX,2021-05-22 21:14:05,30.4833,-115.95,63.36,53,0,22.88
211,Dumas,US,2021-05-22 21:09:31,35.8656,-101.9732,80.02,53,40,24.16
212,Udimskiy,RU,2021-05-22 21:09:32,61.1417,45.9144,52.02,61,13,10.56
213,Jaruco,CU,2021-05-22 21:09:32,23.0431,-82.0108,85.32,56,96,19.62
214,Zhigansk,RU,2021-05-22 21:09:32,66.7697,123.3711,35.89,57,17,3.18
215,Tombouctou,ML,2021-05-22 21:09:33,20.0,-3.0,96.58,17,2,6.91
216,Moerai,PF,2021-05-22 21:09:33,-22.4333,-151.3333,75.18,76,93,17.27
217,Safford,US,2021-05-22 21:09:33,32.834,-109.7076,92.07,9,1,11.5
218,Sovetskiy,RU,2021-05-22 21:09:34,61.3614,63.5842,59.43,88,98,9.33
219,Atherton,GB,2021-05-22 21:09:34,53.5237,-2.4935,48.42,69,15,1.01
220,Kununurra,AU,2021-05-22 21:09:34,-15.7667,128.7333,62.58,94,18,4.61
221,Hays,US,2021-05-22 21:09:35,30.0502,-98.0336,79.99,94,100,5.01
222,Omsukchan,RU,2021-05-22 21:09:35,62.5333,155.8,32.83,89,23,3.83
223,Beira,MZ,2021-05-22 21:09:35,-19.8436,34.8389,71.51,81,31,11.1
224,Salalah,OM,2021-05-22 21:05:55,17.0151,54.0924,82.49,89,20,3.44
225,Katsuura,JP,2021-05-22 21:09:36,35.1333,140.3,64.18,86,56,12.19
226,Huarmey,PE,2021-05-22 21:09:36,-10.0681,-78.1522,69.1,73,3,10.04
227,Eau Claire,US,2021-05-22 21:09:36,44.8114,-91.4985,81.86,63,100,4.0
228,Coquimbo,CL,2021-05-22 21:05:11,-29.9533,-71.3436,64.13,56,0,9.08
229,Eureka,US,2021-05-22 21:06:23,40.8021,-124.1637,70.66,69,2,8.99
230,Nishihara,JP,2021-05-22 21:09:37,26.1842,127.7558,79.88,90,75,10.25
231,Kalmunai,LK,2021-05-22 21:09:26,7.4167,81.8167,80.22,76,99,9.55
232,Ottawa,CA,2021-05-22 21:07:30,45.4112,-75.6981,83.28,66,41,11.65
233,Ziro,IN,2021-05-22 21:09:37,27.6333,93.8333,57.09,97,70,1.36
234,Rensvik,NO,2021-05-22 21:09:38,63.1,7.8167,55.06,71,100,10.36
235,Hit,IQ,2021-05-22 21:09:38,33.6416,42.8251,86.61,22,0,15.32
236,Panzhihua,CN,2021-05-22 21:09:38,26.5851,101.7128,77.52,55,63,1.61
237,Fort Nelson,CA,2021-05-22 21:14:08,58.8053,-122.7002,70.66,27,22,2.66
238,Jacareacanga,BR,2021-05-22 21:09:39,-6.2222,-57.7528,77.94,96,100,3.38
239,Mutoko,ZW,2021-05-22 21:09:39,-17.397,32.2268,54.41,74,0,4.7
240,Cap-Aux-Meules,CA,2021-05-22 21:09:39,47.3821,-61.8597,53.65,82,90,17.27
241,Verkhneuralsk,RU,2021-05-22 21:09:40,53.8769,59.2106,64.6,63,41,6.02
242,Jumla,NP,2021-05-22 21:09:40,29.2747,82.1838,52.65,80,0,4.03
243,Savalou,BJ,2021-05-22 21:09:40,7.9281,1.9756,79.14,79,100,5.82
244,Tessalit,ML,2021-05-22 21:09:37,20.1986,1.0114,96.22,20,25,13.67
245,Raudeberg,NO,2021-05-22 21:09:41,61.9875,5.1352,50.67,86,77,1.79
246,Calvinia,ZA,2021-05-22 21:09:41,-31.4707,19.776,54.55,39,26,7.07
247,Keningau,MY,2021-05-22 21:09:42,5.3378,116.1602,73.85,95,99,1.05
248,Kapasan,ID,2021-05-22 21:09:42,-6.7773,111.3789,74.84,90,99,4.36
249,Santa Cruz Del Sur,CU,2021-05-22 21:14:10,20.7147,-77.9956,83.32,59,26,17.92
250,Hasaki,JP,2021-05-22 21:09:12,35.7333,140.8333,61.29,85,99,15.14
251,Saint-Augustin,CA,2021-05-22 21:07:34,51.226,-58.6502,39.15,97,100,13.33
252,Mazatlan,MX,2021-05-22 21:07:05,23.2167,-106.4167,84.16,73,1,5.99
253,Kahului,US,2021-05-22 21:09:13,20.8947,-156.47,82.98,67,20,20.71
254,Kuna,US,2021-05-22 21:09:43,43.4918,-116.4201,56.73,80,90,5.01
255,Esperance,AU,2021-05-22 21:09:43,-33.8667,121.9,57.04,84,100,11.5
256,Lapua,FI,2021-05-22 21:09:43,62.9693,23.0088,36.46,99,65,4.29
257,Milkovo,RU,2021-05-22 21:09:44,54.7167,158.6167,41.68,61,95,2.01
258,Aksu,CN,2021-05-22 21:09:44,41.1231,80.2644,65.41,29,39,3.49
259,Tevaitoa,PF,2021-05-22 21:09:45,-16.7833,-151.5,81.12,73,8,13.85
260,Karangasem,ID,2021-05-22 21:09:45,-8.45,115.6167,77.88,84,65,4.94
261,Ambon,ID,2021-05-22 21:09:45,-3.6954,128.1814,75.34,83,40,6.04
262,Ozark,US,2021-05-22 21:08:04,37.0209,-93.206,82.83,56,100,3.0
263,Jerez,GT,2021-05-22 21:09:46,14.1,-89.75,88.18,43,71,6.13
264,Fortuna,US,2021-05-22 21:08:18,40.5982,-124.1573,73.18,67,1,3.0
265,Sao Filipe,CV,2021-05-22 21:14:12,14.8961,-24.4956,73.08,83,9,8.66
266,Paita,PE,2021-05-22 21:09:46,-5.0892,-81.1144,75.76,71,5,18.07
267,Merrill,US,2021-05-22 21:07:51,45.1805,-89.6835,82.17,67,90,13.8
268,Kisangani,CD,2021-05-22 21:09:47,0.5167,25.2,71.24,98,92,1.86
269,Pinsk,BY,2021-05-22 21:08:18,52.1229,26.0951,50.83,93,100,12.75
270,Faanui,PF,2021-05-22 21:09:47,-16.4833,-151.75,81.36,72,14,13.62
271,Miramar,US,2021-05-22 21:07:17,25.9873,-80.2323,84.22,59,40,13.8
272,Shamkhal,RU,2021-05-22 21:09:48,43.0596,47.3373,76.98,70,25,24.63
273,Palmetto,US,2021-05-22 21:09:48,27.5214,-82.5723,90.01,54,40,11.01
274,Suraabad,AZ,2021-05-22 21:09:49,40.8192,49.4687,66.38,37,21,9.51
275,Chalus,IR,2021-05-22 21:06:07,36.655,51.4204,77.34,56,92,2.93
276,Launceston,AU,2021-05-22 21:09:49,-41.45,147.1667,43.16,92,90,2.17
277,Charters Towers,AU,2021-05-22 21:14:14,-20.1,146.2667,59.97,84,0,8.32
278,Inhambane,MZ,2021-05-22 21:09:50,-23.865,35.3833,70.59,64,30,13.78
279,Guisa,CU,2021-05-22 21:09:50,20.255,-76.5386,80.91,75,83,9.57
280,Savda,IN,2021-05-22 21:09:50,21.15,75.8833,87.71,43,82,7.4
281,Gbarnga,LR,2021-05-22 21:09:50,6.9956,-9.4722,74.3,96,67,5.17
282,Cody,US,2021-05-22 21:05:09,44.5263,-109.0565,54.21,66,40,9.22
283,Kloulklubed,PW,2021-05-22 21:09:51,7.0419,134.2556,82.54,71,88,4.99
284,Ngunguru,NZ,2021-05-22 21:09:51,-35.6167,174.5,59.16,88,100,27.27
285,Kunda,IN,2021-05-22 21:09:52,25.7167,81.5167,88.07,38,0,6.11
286,Muritiba,BR,2021-05-22 21:09:52,-12.9167,-39.25,70.68,79,7,6.04
287,Guerrero Negro,MX,2021-05-22 21:14:15,27.9769,-114.0611,67.96,46,0,22.5
288,Puerto Narino,CO,2021-05-22 21:14:15,-3.7703,-70.3831,82.35,81,37,2.55
289,Cidreira,BR,2021-05-22 21:09:53,-30.1811,-50.2056,66.29,73,16,12.41
290,Iqaluit,CA,2021-05-22 21:09:45,63.7506,-68.5145,20.93,62,75,20.0
291,Constantine,DZ,2021-05-22 21:06:19,36.365,6.6147,72.77,41,7,4.85
292,Killybegs,IE,2021-05-22 21:09:53,54.6333,-8.45,42.46,76,100,8.97
293,Camacha,PT,2021-05-22 21:09:53,33.0833,-16.3333,62.02,68,40,20.71
294,Rocha,UY,2021-05-22 21:09:54,-34.4833,-54.3333,52.95,84,100,16.31
295,Pontianak,ID,2021-05-22 21:09:54,-0.0333,109.3333,76.98,97,90,3.91
296,Souillac,MU,2021-05-22 21:09:54,-20.5167,57.5167,69.37,67,96,14.63
297,Santa Isabel,BR,2021-05-22 21:14:16,-23.3156,-46.2214,65.66,80,98,5.68
298,Cape Canaveral,US,2021-05-22 21:10:55,28.4058,-80.6048,84.27,53,1,13.8
299,Wanaka,NZ,2021-05-22 21:09:55,-44.7,169.15,42.96,53,0,1.32
300,Nanakuli,US,2021-05-22 21:07:55,21.3906,-158.1547,84.15,61,20,8.23
301,Sao Jose Da Coroa Grande,BR,2021-05-22 21:14:17,-8.8978,-35.1478,76.68,77,8,8.39
302,Araouane,ML,2021-05-22 21:09:56,18.9048,-3.5265,98.11,14,32,9.1
303,Caiaponia,BR,2021-05-22 21:09:56,-16.9567,-51.8103,79.25,50,100,4.85
304,Carnarvon,AU,2021-05-22 21:09:57,-24.8667,113.6333,71.67,73,75,9.22
305,Chenghai,CN,2021-05-22 21:09:57,23.4632,116.768,80.15,91,98,1.05
306,Makarov,RU,2021-05-22 21:09:57,48.6333,142.8,46.85,83,87,3.38
307,Dickinson,US,2021-05-22 21:09:58,29.4608,-95.0513,79.18,46,90,3.0
308,Lebyazhye,RU,2021-05-22 21:09:58,55.2689,66.4947,67.95,53,62,8.59
309,Talara,PE,2021-05-22 21:09:58,-4.5772,-81.2719,75.96,69,0,16.11
310,Constitucion,CL,2021-05-22 21:08:51,-35.3333,-72.4167,56.48,69,0,14.16
311,Ajdabiya,LY,2021-05-22 21:09:59,30.7554,20.2263,70.92,45,0,9.19
312,Komsomolskiy,UZ,2021-05-22 21:09:59,40.4272,71.7189,71.02,38,85,2.26
313,Mehamn,NO,2021-05-22 21:09:59,71.0357,27.8492,33.84,59,98,18.23
314,Maragogi,BR,2021-05-22 21:07:54,-9.0122,-35.2225,76.35,79,5,8.21
315,Husavik,IS,2021-05-22 21:07:26,66.0449,-17.3389,38.75,87,98,5.17
316,Christchurch,NZ,2021-05-22 21:08:08,-43.5333,172.6333,50.83,93,6,1.14
317,Mahebourg,MU,2021-05-22 21:10:00,-20.4081,57.7,69.26,69,91,16.6
318,Westport,US,2021-05-22 21:10:00,41.1415,-73.3579,89.38,48,90,9.01
319,Khudumelapye,BW,2021-05-22 21:10:01,-23.8833,24.75,54.05,29,0,7.96
320,Igrim,RU,2021-05-22 21:10:01,63.1906,64.4162,58.6,90,100,8.52
321,Vila Franca Do Campo,PT,2021-05-22 21:10:01,37.7167,-25.4333,59.41,62,2,8.34
322,Vostok,RU,2021-05-22 21:10:02,46.4856,135.8833,57.45,56,2,2.95
323,Ladario,BR,2021-05-22 21:10:02,-19.0047,-57.6017,73.69,73,75,9.22
324,Koundara,GN,2021-05-22 21:10:02,12.4833,-13.3,91.4,38,34,7.49
325,Severo-Kurilsk,RU,2021-05-22 21:10:03,50.6789,156.125,41.83,75,54,3.27
326,San Andres,CO,2021-05-22 21:13:11,12.5847,-81.7006,87.82,70,40,13.8
327,Wajir,KE,2021-05-22 21:10:04,1.7471,40.0573,80.2,54,43,19.15
328,Cozumel,MX,2021-05-22 21:10:04,20.5083,-86.9458,80.67,83,90,5.01
329,Haimen,CN,2021-05-22 21:10:05,23.1935,116.6142,79.32,92,100,3.47
330,Birao,CF,2021-05-22 21:10:05,10.2849,22.7882,88.29,12,5,2.08
331,Roscommon,IE,2021-05-22 21:10:05,53.6333,-8.1833,46.11,76,100,7.47
332,Tabuk,PH,2021-05-22 21:10:06,17.4189,121.4443,75.2,90,50,0.87
333,Kijang,KR,2021-05-22 21:10:06,35.2442,129.2139,62.91,74,0,3.49
334,Mount Hagen,PG,2021-05-22 21:10:06,-5.8581,144.2274,59.9,98,95,1.95
335,Khani,GE,2021-05-22 21:10:07,41.9563,42.9566,51.37,99,100,1.74
336,Tura,IN,2021-05-22 21:10:07,25.5198,90.2201,78.33,77,99,2.01
337,Qui Nhon,VN,2021-05-22 21:14:21,13.7667,109.2333,79.47,84,97,4.38
338,Kawalu,ID,2021-05-22 21:09:50,-7.3817,108.2082,72.79,97,100,1.25
339,Umm Bab,QA,2021-05-22 21:14:21,25.2142,50.8072,90.5,32,6,5.08
340,Saint-Joseph,RE,2021-05-22 21:10:08,-21.3667,55.6167,69.21,69,62,11.34
341,Galveston,US,2021-05-22 21:10:09,29.3669,-94.9669,79.09,83,90,5.01
342,Kota Kinabalu,MY,2021-05-22 21:14:22,5.9749,116.0724,76.98,94,20,3.44
343,Korla,CN,2021-05-22 21:10:09,41.7597,86.1469,64.51,26,0,4.63
344,Middelburg,ZA,2021-05-22 21:10:10,-25.7751,29.4648,49.12,76,0,3.91
345,Papenburg,DE,2021-05-22 21:10:10,53.0667,7.4,50.23,87,29,3.0
346,Narsaq,GL,2021-05-22 21:10:10,60.9167,-46.05,44.82,65,14,8.21
347,Libertador General San Martin,AR,2021-05-22 21:14:23,-23.8064,-64.7876,61.97,37,2,5.08
348,Pavlovka,RU,2021-05-22 21:10:11,52.6897,47.1405,61.09,91,91,12.71
349,Anloga,GH,2021-05-22 21:10:11,5.7947,0.8973,82.67,81,100,11.92
350,Maniitsoq,GL,2021-05-22 21:10:12,65.4167,-52.9,30.0,88,100,23.53
351,Nelson Bay,AU,2021-05-22 21:14:23,-32.7167,152.15,54.68,87,90,10.58
352,Ekhabi,RU,2021-05-22 21:10:12,53.5102,142.9671,36.12,96,100,2.3
353,Olafsvik,IS,2021-05-22 21:10:12,64.8945,-23.7142,42.62,70,60,11.72
354,Hovd,MN,2021-05-22 21:10:13,48.0056,91.6419,43.93,28,47,2.73
355,Dunedin,NZ,2021-05-22 21:10:13,-45.8742,170.5036,48.79,83,0,4.0
356,Kruisfontein,ZA,2021-05-22 21:10:13,-34.0033,24.7314,48.83,68,4,5.88
357,Saint-Jovite,CA,2021-05-22 21:10:14,46.1186,-74.5966,72.64,84,66,9.01
358,Cayenne,GF,2021-05-22 21:10:14,4.9333,-52.3333,81.09,84,0,3.0
359,Samarai,PG,2021-05-22 21:10:14,-10.6167,150.6667,79.03,73,98,17.45
360,Codrington,AU,2021-05-22 21:10:15,-38.2667,141.9667,49.46,55,94,7.83
361,Progreso,MX,2021-05-22 21:10:15,21.2833,-89.6667,75.31,75,100,17.27
362,Jackson,US,2021-05-22 21:05:25,42.4165,-122.8345,67.91,43,40,8.05
363,Muroto,JP,2021-05-22 21:10:15,33.2833,134.15,65.48,70,0,5.77
364,Gornopravdinsk,RU,2021-05-22 21:10:16,60.05,69.9,62.24,68,99,5.95
365,Shingu,JP,2021-05-22 21:10:16,33.7333,135.9833,59.92,82,0,6.17
366,Mokshan,RU,2021-05-22 21:10:17,53.4365,44.6132,56.07,77,100,8.75
367,Dakoro,NE,2021-05-22 21:10:17,14.5106,6.765,91.18,10,0,5.55
368,Porto Walter,BR,2021-05-22 21:10:17,-8.2686,-72.7439,83.23,69,89,2.82
369,Kemijarvi,FI,2021-05-22 21:10:18,66.7131,27.4306,29.34,89,97,11.01
370,Cumbal,CO,2021-05-22 21:10:18,0.9088,-77.7915,56.26,76,70,4.79
371,Thinadhoo,MV,2021-05-22 21:10:18,0.5333,72.9333,83.19,75,36,12.68
372,Talavera,PH,2021-05-22 21:10:18,15.6167,120.9333,76.66,88,83,2.86
373,Marawi,PH,2021-05-22 21:10:19,7.9986,124.2928,66.65,92,24,1.61
374,Manokwari,ID,2021-05-22 21:10:19,-0.8667,134.0833,78.67,82,91,2.33
375,Adet,ET,2021-05-22 21:10:19,11.2644,37.4888,64.22,40,8,6.73
376,Miracema Do Tocantins,BR,2021-05-22 21:14:26,-9.5618,-48.3967,82.29,57,37,1.5
377,Gerash,IR,2021-05-22 21:10:20,27.6652,54.1371,84.0,11,21,3.09
378,Bombay,IN,2021-05-22 21:05:23,19.0144,72.8479,85.98,79,40,5.75
379,Dezhou,CN,2021-05-22 21:10:20,37.4486,116.2925,70.77,52,100,20.89
380,Arman,RU,2021-05-22 21:10:21,59.7,150.1667,37.26,76,100,4.68
381,Bonavista,CA,2021-05-22 21:09:10,48.6499,-53.1147,50.68,67,100,23.11
382,Ostrovnoy,RU,2021-05-22 21:10:21,68.0531,39.5131,34.34,99,100,18.28
383,Namestovo,SK,2021-05-22 21:10:21,49.4079,19.4803,47.23,96,3,5.08
384,Beyneu,KZ,2021-05-22 21:10:22,45.3167,55.2,80.01,14,0,20.54
385,Lavrentiya,RU,2021-05-22 21:10:22,65.5833,-171.0,31.75,81,33,2.21
386,Sorkjosen,NO,2021-05-22 21:10:22,69.8,20.9333,34.0,67,74,7.76
387,Lewiston,US,2021-05-22 21:10:23,44.1003,-70.2148,81.34,50,90,6.91
388,Bondo,CD,2021-05-22 21:10:23,3.8146,23.6866,71.13,100,100,0.4
389,Chulman,RU,2021-05-22 21:10:23,56.8479,124.9104,37.65,53,100,11.63
390,Whitehorse,CA,2021-05-22 21:10:24,60.7161,-135.0538,54.01,32,97,11.01
391,Preeceville,CA,2021-05-22 21:10:24,51.95,-102.6677,41.49,81,100,4.38
392,Kieta,PG,2021-05-22 21:10:24,-6.2167,155.6333,80.62,85,100,3.42
393,Geraldton,AU,2021-05-22 21:08:41,-28.7667,114.6,66.61,74,75,12.75
394,Grafenau,DE,2021-05-22 21:10:25,48.8577,13.3974,50.36,87,64,1.99
395,Port Hedland,AU,2021-05-22 21:14:28,-20.3167,118.5667,60.85,72,0,0.0
396,Zhangjiakou,CN,2021-05-22 21:10:25,40.81,114.8794,54.28,51,100,8.32
397,Nalut,LY,2021-05-22 21:10:26,30.3333,10.85,85.66,13,0,7.31
398,Paamiut,GL,2021-05-22 21:10:26,61.994,-49.6678,32.49,55,14,4.72
399,Bobo Dioulasso,BF,2021-05-22 21:14:29,11.1771,-4.2979,85.42,43,47,6.15
400,Virginia Beach,US,2021-05-22 21:12:00,36.8529,-75.978,89.67,25,75,8.05
401,Poiana Stampei,RO,2021-05-22 21:14:30,47.3167,25.1333,50.04,88,99,4.34
402,Den Helder,NL,2021-05-22 21:10:14,52.9599,4.7593,50.95,77,40,10.0
403,Fort Atkinson,US,2021-05-22 21:14:10,42.9289,-88.8371,86.32,59,33,1.99
404,Kurunegala,LK,2021-05-22 21:10:27,7.4863,80.3623,75.63,91,100,5.46
405,Baragua,CU,2021-05-22 21:06:07,21.6967,-78.6328,83.08,55,37,17.43
406,Alofi,NU,2021-05-22 21:10:28,-19.0595,-169.9187,80.06,84,53,14.88
407,Thunder Bay,CA,2021-05-22 21:09:32,48.4001,-89.3168,77.99,79,100,1.99
408,Roswell,US,2021-05-22 21:06:57,34.0232,-84.3616,88.23,36,1,1.01
409,Dubti,ET,2021-05-22 21:10:29,11.7361,41.0853,94.03,21,94,12.21
410,Sisimiut,GL,2021-05-22 21:10:29,66.9395,-53.6735,31.26,58,100,16.28
411,Wilmington,US,2021-05-22 21:08:05,34.2257,-77.9447,81.95,59,1,9.22
412,Makakilo City,US,2021-05-22 21:14:31,21.3469,-158.0858,82.72,48,20,10.36
413,Sao Joao Da Barra,BR,2021-05-22 21:11:27,-21.6403,-41.0511,77.09,80,100,7.45
414,Port Blair,IN,2021-05-22 21:13:18,11.6667,92.75,80.53,89,100,16.75
415,Tres Lagoas,BR,2021-05-22 21:14:31,-20.7511,-51.6783,68.56,90,100,4.38
416,Ballina,AU,2021-05-22 21:10:31,-28.8667,153.5667,54.95,87,70,8.41
417,Tambun,ID,2021-05-22 21:10:31,-6.2641,107.0712,80.11,86,89,2.19
418,Rawson,AR,2021-05-22 21:10:31,-43.3002,-65.1023,55.18,66,79,5.75
419,Bousso,TD,2021-05-22 21:10:31,10.4795,16.7117,82.85,49,33,5.06
420,Caravelas,BR,2021-05-22 21:10:32,-17.7125,-39.2481,74.82,75,59,8.03
421,Clyde River,CA,2021-05-22 21:14:32,70.4692,-68.5914,21.88,74,65,0.94
422,Wells,GB,2021-05-22 21:10:32,51.2079,-2.649,49.59,79,74,7.85
423,Cap Malheureux,MU,2021-05-22 21:14:33,-19.9842,57.6142,69.48,76,27,4.0
424,Sakakah,SA,2021-05-22 21:10:33,29.9697,40.2064,80.58,24,0,13.24
425,Rauma,FI,2021-05-22 21:10:33,61.1272,21.5113,39.24,83,9,6.93
426,Leshukonskoye,RU,2021-05-22 21:10:34,64.8989,45.7622,52.12,59,84,9.64
427,Melilla,ES,2021-05-22 21:07:13,35.2937,-2.9383,73.78,60,0,4.61
428,Vila Velha,BR,2021-05-22 21:09:54,-20.3297,-40.2925,78.94,73,0,4.0
429,Varzea Alegre,BR,2021-05-22 21:14:34,-5.35,-40.3833,81.61,50,51,6.93
430,Gayeri,BF,2021-05-22 21:10:35,12.6497,0.4931,93.63,32,73,11.16
431,Romny,UA,2021-05-22 21:10:35,50.751,33.4747,53.22,71,0,7.23
432,Kuroishi,JP,2021-05-22 21:10:35,40.6389,140.5922,55.58,97,100,1.86
433,Alekseyevsk,RU,2021-05-22 21:10:35,57.8406,108.3492,34.93,58,35,1.9
434,Helena,US,2021-05-22 21:10:36,46.5927,-112.0361,48.42,63,90,5.99
435,Linxia,CN,2021-05-22 21:09:10,35.6003,103.2064,40.06,82,77,1.57
436,Namtsy,RU,2021-05-22 21:10:36,62.7161,129.6658,39.31,52,0,9.89
437,Richards Bay,ZA,2021-05-22 21:14:35,-28.783,32.0377,60.31,88,31,3.85
438,Puerto Del Rosario,ES,2021-05-22 21:14:35,28.5004,-13.8627,69.55,78,0,20.71
439,Vadso,NO,2021-05-22 21:10:37,70.0744,29.7487,31.08,70,90,16.44
440,Gunnedah,AU,2021-05-22 21:10:37,-30.9833,150.25,46.02,87,0,1.99
441,Ugoofaaru,MV,2021-05-22 21:10:38,5.6667,73.0,83.52,78,100,20.36
442,Montepulciano,IT,2021-05-22 21:10:38,43.1017,11.7868,59.72,81,94,3.0
443,Mahon,ES,2021-05-22 21:08:07,39.8885,4.2658,63.16,77,0,14.97
444,Avera,US,2021-05-22 21:10:38,33.194,-82.5271,87.67,34,99,2.91
445,Los Llanos De Aridane,ES,2021-05-22 21:14:36,28.6585,-17.9182,68.13,61,0,22.66
446,Snezhnogorsk,RU,2021-05-22 21:10:39,69.1933,33.2531,29.98,85,100,21.23
447,Huilong,CN,2021-05-22 21:10:40,31.8111,121.655,67.03,88,52,11.83
448,Wajid,SO,2021-05-22 21:10:40,3.8093,43.2471,75.74,68,35,18.52
449,Kokopo,PG,2021-05-22 21:10:40,-4.352,152.2633,78.12,86,100,4.03
450,Grand Baie,MU,2021-05-22 21:14:37,-20.0182,57.5802,69.46,76,21,4.0
451,Pacific Grove,US,2021-05-22 21:14:37,36.6177,-121.9166,76.01,72,1,5.01
452,Banda Aceh,ID,2021-05-22 21:14:37,5.5577,95.3222,80.37,80,100,9.89
453,Tiksi,RU,2021-05-22 21:08:55,71.6872,128.8694,23.54,85,88,4.41
454,Ketchikan,US,2021-05-22 21:10:41,55.3422,-131.6461,54.07,76,90,10.36
455,Dhidhdhoo,MV,2021-05-22 21:10:41,6.8833,73.1,82.9,80,100,20.36
456,Svetlogorsk,BY,2021-05-22 21:10:42,52.6333,29.7333,56.64,82,100,12.77
457,Port Lincoln,AU,2021-05-22 21:14:38,-34.7333,135.8667,62.04,40,100,11.68
458,Qazvin,IR,2021-05-22 21:10:42,36.2797,50.0049,78.15,22,82,1.79
459,Porto Novo,BJ,2021-05-22 21:14:39,6.4965,2.6036,81.64,77,100,8.23
460,Palmer,US,2021-05-22 21:09:17,42.1584,-72.3287,87.17,40,100,1.99
461,Sandwick,GB,2021-05-22 21:10:43,60.0,-1.25,42.62,71,87,10.74
462,Guasdualito,VE,2021-05-22 21:10:44,7.2424,-70.7324,85.78,65,47,3.74
463,San Francisco,US,2021-05-22 21:12:13,37.7749,-122.4194,80.31,71,20,4.0
464,Magdagachi,RU,2021-05-22 21:10:44,53.45,125.8,37.74,98,100,7.23
465,Paramonga,PE,2021-05-22 21:10:44,-10.6667,-77.8333,67.06,76,7,8.95
466,Kozulka,UA,2021-05-22 21:10:45,50.0351,23.797,52.09,96,92,7.09
467,Byron Bay,AU,2021-05-22 21:10:45,-28.65,153.6167,62.87,88,48,10.2
468,Ormond Beach,US,2021-05-22 21:14:40,29.2858,-81.0559,85.05,65,40,12.66
469,Kudahuvadhoo,MV,2021-05-22 21:10:45,2.6708,72.8944,82.81,77,49,16.42
470,Bulgan,MN,2021-05-22 21:10:46,48.8125,103.5347,28.65,75,52,4.03
471,Pevek,RU,2021-05-22 21:10:46,69.7008,170.3133,30.87,88,100,6.15
472,Nyurba,RU,2021-05-22 21:10:46,63.2842,118.3319,40.14,65,19,0.07
473,Jiwani,PK,2021-05-22 21:10:47,25.05,61.7417,84.81,73,0,6.71
474,Kuching,MY,2021-05-22 21:08:44,1.55,110.3333,75.42,100,40,0.0
475,Tome,CL,2021-05-22 21:10:47,-36.6167,-72.95,56.01,77,6,9.66
476,Meulaboh,ID,2021-05-22 21:10:47,4.1363,96.1285,76.86,89,100,3.44
477,Turhal,TR,2021-05-22 21:10:48,40.3875,36.0811,57.18,90,100,3.53
478,Roald,NO,2021-05-22 21:10:48,62.5833,6.1333,55.45,81,20,13.8
479,Lalsk,RU,2021-05-22 21:10:48,60.7415,47.5862,49.62,67,0,7.27
480,Kungurtug,RU,2021-05-22 21:10:49,50.5994,97.5228,30.18,90,91,2.51
481,Hualmay,PE,2021-05-22 21:10:49,-11.0964,-77.6139,66.76,76,9,7.34
482,Safaga,EG,2021-05-22 21:10:49,26.7292,33.9365,80.67,32,0,20.92
483,Kulhudhuffushi,MV,2021-05-22 21:10:50,6.6221,73.07,82.96,79,100,20.89
484,Kupang,ID,2021-05-22 21:10:50,-10.1667,123.5833,73.85,85,44,6.87
485,Savannah Bight,HN,2021-05-22 21:14:42,16.45,-85.85,84.0,79,21,21.21
486,Camalu,MX,2021-05-22 21:10:50,30.85,-116.0667,68.41,47,0,19.66
487,Labuhan,ID,2021-05-22 21:09:00,-6.8844,112.2051,76.89,89,45,5.77
488,Odienne,CI,2021-05-22 21:10:51,9.51,-7.5692,82.36,49,22,2.19
489,Isangel,VU,2021-05-22 21:10:51,-19.55,169.2667,73.9,72,50,10.25
490,Gorontalo,ID,2021-05-22 21:10:52,0.5412,123.0595,74.26,95,85,2.04
491,Gela,IT,2021-05-22 21:10:52,37.0803,14.2307,65.59,83,4,5.44
492,Payo,ID,2021-05-22 21:10:52,-3.7508,103.6372,72.32,92,98,1.99
493,Ust-Nera,RU,2021-05-22 21:10:53,64.5667,143.2,39.47,79,100,0.13
494,Bongandanga,CD,2021-05-22 21:10:53,1.5,21.05,71.1,96,100,0.89
495,Los Cedrales,PY,2021-05-22 21:14:43,-25.65,-54.7,64.92,67,70,2.59
496,Pinyug,RU,2021-05-22 21:10:54,60.251,47.7842,48.27,70,0,6.62
497,Cockburn Town,TC,2021-05-22 21:10:54,21.4612,-71.1419,77.47,76,62,20.27
498,Praia Da Vitoria,PT,2021-05-22 21:14:44,38.7333,-27.0667,61.75,65,16,8.99
499,Akdepe,TM,2021-05-22 21:10:54,42.0551,59.3788,73.49,16,0,13.53
500,Gimbi,ET,2021-05-22 21:10:55,9.1667,35.8333,60.26,74,40,3.89
501,Saint Anthony,US,2021-05-22 21:14:44,45.0205,-93.218,87.19,63,75,1.99
502,Todos Santos,MX,2021-05-22 21:14:45,23.45,-110.2167,95.31,49,58,8.43
503,Wagga Wagga,AU,2021-05-22 21:14:45,-35.1167,147.3667,44.6,86,0,3.87
504,Ola,RU,2021-05-22 21:10:56,59.5833,151.2833,35.33,83,100,2.75
505,Chicama,PE,2021-05-22 21:10:56,-7.8447,-79.1469,66.74,64,3,10.07
506,Jiazi,CN,2021-05-22 21:10:56,22.8779,116.067,80.19,91,100,2.13
507,Dakar,SN,2021-05-22 21:10:14,14.6937,-17.4441,70.68,88,3,11.72
508,Ningxiang,CN,2021-05-22 21:10:57,37.34,111.2052,48.02,71,99,9.22
509,Namie,JP,2021-05-22 21:10:57,37.4833,141.0,60.71,99,98,1.41
510,Grindavik,IS,2021-05-22 21:10:58,63.8424,-22.4338,43.56,89,90,11.27
511,Giaveno,IT,2021-05-22 21:10:58,45.047,7.3492,58.05,87,96,1.01
512,Lixourion,GR,2021-05-22 21:10:58,38.2019,20.4314,62.4,69,31,3.13
513,Banepa,NP,2021-05-22 21:10:58,27.6298,85.5214,70.12,86,75,1.5
514,Athens,GR,2021-05-22 21:06:56,37.9795,23.7162,69.17,51,20,1.99
515,Ussel,FR,2021-05-22 21:10:59,45.55,2.3167,37.72,99,100,4.14
516,Suluq,LY,2021-05-22 21:10:59,31.6682,20.2521,69.35,38,3,8.99
517,Sarahan,IN,2021-05-22 21:11:00,31.5167,77.8,52.02,62,23,5.79
518,Pangnirtung,CA,2021-05-22 21:11:00,66.1451,-65.7125,18.66,79,100,8.86
519,Chupa,RU,2021-05-22 21:11:00,66.27,33.0549,35.74,99,100,6.02
520,Garowe,SO,2021-05-22 21:07:58,8.4054,48.4845,81.68,53,32,21.56
521,Teplyk,UA,2021-05-22 21:10:17,48.6657,29.745,55.33,69,39,8.34
522,Itaituba,BR,2021-05-22 21:11:01,-4.2761,-55.9836,80.98,81,100,1.99
523,Turukhansk,RU,2021-05-22 21:11:01,65.8167,87.9833,39.11,98,100,10.78
524,Nikolayevsk-Na-Amure,RU,2021-05-22 21:11:01,53.1406,140.73,39.69,93,100,4.0
525,Alta Floresta,BR,2021-05-22 21:14:48,-9.8756,-56.0861,76.24,89,100,3.44
526,Kiama,AU,2021-05-22 21:11:02,-34.6833,150.8667,50.45,93,1,1.01
527,Plover,US,2021-05-22 21:11:02,44.4564,-89.544,85.19,51,40,11.5
528,Hanna,CA,2021-05-22 21:10:33,51.6334,-111.9018,58.37,45,36,8.01
529,Innisfail,AU,2021-05-22 21:11:03,-17.5333,146.0333,69.87,89,75,6.53
530,Jacmel,HT,2021-05-22 21:11:03,18.2342,-72.5347,80.44,71,72,7.81
531,Mizdah,LY,2021-05-22 21:11:03,31.4451,12.9801,70.68,51,0,13.22
532,Broken Hill,AU,2021-05-22 21:14:49,-31.95,141.4333,53.28,55,2,7.52
533,Shakawe,BW,2021-05-22 21:11:04,-18.3667,21.85,58.05,42,3,5.73
534,Shkoder,AL,2021-05-22 21:11:05,42.0683,19.5126,62.91,59,99,3.18
535,Port Macquarie,AU,2021-05-22 21:14:49,-31.4333,152.9167,51.39,89,7,7.43
536,Yining,CN,2021-05-22 21:11:05,29.0361,114.5636,68.68,99,100,0.94
537,Itoman,JP,2021-05-22 21:11:05,26.1247,127.6694,80.62,94,75,11.5
538,Protvino,RU,2021-05-22 21:11:06,54.8664,37.2178,54.32,86,2,6.76
539,Daru,PG,2021-05-22 21:11:06,-9.0763,143.2092,77.95,86,100,16.89
540,Dryden,CA,2021-05-22 21:11:06,49.7833,-92.7503,52.09,93,90,9.22
541,Rabo De Peixe,PT,2021-05-22 21:14:50,37.8,-25.5833,58.51,62,20,8.57
542,Kropotkin,RU,2021-05-22 21:11:07,45.4375,40.5756,62.92,96,100,5.77
543,Marquette,US,2021-05-22 21:11:07,46.5333,-87.6335,80.04,55,82,7.09
544,Ust-Ishim,RU,2021-05-22 21:09:55,57.6935,71.1665,60.67,65,67,4.23
545,Petropavlovsk-Kamchatskiy,RU,2021-05-22 21:11:08,53.0452,158.6483,43.39,56,83,3.06
546,Mangan,IN,2021-05-22 21:11:08,27.5167,88.5333,70.43,75,30,4.65
547,Abu Samrah,SY,2021-05-22 21:12:00,35.3029,37.1841,63.34,72,0,16.33
548,Seguin,US,2021-05-22 21:09:27,29.5688,-97.9647,82.53,74,40,8.99
549,Bud,US,2021-05-22 21:08:46,39.447,-86.1758,85.95,55,100,8.1
550,Katherine,AU,2021-05-22 21:11:09,-14.4667,132.2667,64.72,95,90,5.95
551,Minnedosa,CA,2021-05-22 21:11:09,50.2453,-99.8436,43.0,79,100,9.89
552,Price,US,2021-05-22 21:11:10,39.5994,-110.8107,63.12,16,90,0.0
553,Howard Springs,AU,2021-05-22 21:14:52,-12.497,131.047,71.51,78,80,3.38
554,Quelimane,MZ,2021-05-22 21:11:10,-17.8786,36.8883,69.66,75,13,4.68
555,Oranjestad,AW,2021-05-22 21:08:21,12.524,-70.027,84.15,76,20,8.99
556,Lac Du Bonnet,CA,2021-05-22 21:14:52,50.2536,-96.0612,46.58,84,100,8.01
557,Iquique,CL,2021-05-22 21:08:47,-20.2208,-70.1431,62.64,75,95,3.91
558,Mokobeng,BW,2021-05-22 21:11:11,-22.9965,27.6678,63.79,59,53,12.1
559,Zyryanka,RU,2021-05-22 21:11:11,65.75,150.85,47.1,51,82,8.84
560,Lorengau,PG,2021-05-22 21:11:12,-2.0226,147.2712,81.28,81,88,6.02
561,Labrea,BR,2021-05-22 21:11:12,-7.2586,-64.7981,80.38,91,100,2.62
